Barcode,species,Collector,Collector number,phyllary_length,phyllary_width,primary_axis_leaf_length,primary_axis_leaf_width,secondary_axis_leaf_length,secondary_axis_leaf_width,bract_length,bract_width,auricle_length,primary_axis_hair_length,below_capitulum_hair_length,ray_length,ray_width
MISSA030990,Symphyotrichum adnatum,Majure,3619,5.43,0.86,10.56,1.77,4.92,1.61,2.41,1.05,0,0.41,0,9.11,1.63
MISSA030990,Symphyotrichum adnatum,Majure,3619,5.19,1.1,11.8,2.48,5.73,1.68,1.96,0.54,0,0.64,0,10.43,2.1
MISSA030990,Symphyotrichum adnatum,Majure,3619,4.91,1.13,9.28,2.03,4.89,1.79,2.91,1.24,0,0.31,0,9.95,1.17
MISSA005835,Symphyotrichum adnatum,Fishbein ,4940,3.15,0.75,12.17,2.77,8.5,2.25,2.19,0.96,0,0.32,0.21,12,1.64
MISSA005835,Symphyotrichum adnatum,Fishbein ,4940,2.18,1.05,9.48,2.35,8.35,2.4,2.21,0.84,0,0.29,0.26,10.77,1.96
MISSA005835,Symphyotrichum adnatum,Fishbein ,4940,2.4,1.38,10.75,2.38,6.55,1.99,2.71,0.85,0,0.32,0.16,11.7,1.18
67986,Symphyotrichum bimater,Breedlove,10549,5.98,1.03,15.69,2.89,7.56,1.31,4.35,1.06,0,0.38,0.26,11.68,0.91
67986,Symphyotrichum bimater,Breedlove,10549,5.08,0.84,15.47,2.75,6.53,1.38,4.3,0.72,0,0.52,0.14,12.43,0.7
67986,Symphyotrichum bimater,Breedlove,10549,6.07,0.7,n/a,2.47,7.23,1.32,4.07,0.97,0,0.31,0.18,11.28,0.85
67994,Symphyotrichum bimater,Salomón,3599,6.19,0.77,n/a,n/a,7.71,1.91,3.97,0.92,0,0.3,0.3,11.92,2.2
67994,Symphyotrichum bimater,Salomón,3599,6.59,0.81,n/a,n/a,5.63,1.21,2.81,0.89,0,0.51,0.26,9.18,1.19
67994,Symphyotrichum bimater,Salomón,3599,6.19,1.08,n/a,n/a,6.4,1.25,2.63,0.65,0,0.36,0.16,12.9,1.65
67996,Symphyotrichum bimater,Salomón,1838,7.56,1.09,21.1,3.06,8.7,1.04,3.35,0.96,0,0.36,0.17,11.95,2.25
67996,Symphyotrichum bimater,Salomón,1838,5.99,1.11,34.74,2.73,6.92,0.97,4.37,0.82,0,0.35,0.2,10.15,1.12
67996,Symphyotrichum bimater,Salomón,1838,6.24,0.83,14.79,1.55,8.85,1.62,3.38,0.68,0,0.59,0.19,13.26,1.71
67977,Symphyotrichum bimater,Cruz,660,5.68,1.02,25.13,3.07,7.22,1.41,4.69,0.88,0,0.48,0.15,11.36,1.12
67977,Symphyotrichum bimater,Cruz,660,7.14,1.4,23.02,3.44,8.95,2.02,3.72,0.93,0,0.63,0.12,11.04,1.45
67977,Symphyotrichum bimater,Cruz,660,6.37,1.08,15.77,3.12,8.66,1.48,3.79,0.76,0,0.62,0.21,,
67984,Symphyotrichum bimater,Breedlove,41867,6.37,0.98,26.14,3.34,12.38,1.81,4.53,0.91,0,0.43,0.33,11,1.25
67984,Symphyotrichum bimater,Breedlove,41867,6.25,0.82,31.61,3.43,9.8,1.68,5.41,1.25,0,0.41,0.2,10.78,2.43
67984,Symphyotrichum bimater,Breedlove,41867,5.39,0.94,32.9,4.45,11.27,2.07,5.73,0.87,0,0.53,0.25,,
67537,Symphyotrichum bullatum,Lopez,403,7.12,0.86,62.13,6.44,18.4,3.46,5.29,0.56,0,0,0.37,11.06,1.29
67537,Symphyotrichum bullatum,Lopez,403,6.36,1.08,73.64,7.35,23.79,2.72,4.02,0.68,0,0,0.45,11.26,1.2
67537,Symphyotrichum bullatum,Lopez,403,7.73,1.16,65.59,7.95,23.33,2.77,4.32,0.54,0,0,0.36,10.98,1.11
566392,Symphyotrichum bullatum,Contreras,11034,7.31,0.96,104.61,5.98,30.41,3.56,6.12,0.72,0,0.49,0.56,12.21,1.4
566392,Symphyotrichum bullatum,Contreras,11034,7.61,0.88,105.7,7.36,36.61,3.44,7.43,0.68,0,0.51,0.46,12.77,0.83
566392,Symphyotrichum bullatum,Contreras,11034,6.99,0.75,103.96,6.5,28.53,3.29,4.95,0.82,0,0.38,0.57,13.08,1.55
428968,Symphyotrichum bullatum,Reyes,563,6.86,0.75,39.26,7.36,13.23,0.92,2.64,0.48,0,0.5,0.27,9.59,1.11
428968,Symphyotrichum bullatum,Reyes,563,7.01,0.72,48.63,9.52,17.66,3.1,3.1,0.65,0,0.44,0.31,10.41,0.99
428968,Symphyotrichum bullatum,Reyes,563,6.91,0.79,36.65,4.55,7.62,0.8,2.55,0.52,0,0.41,0.22,10.67,1.07
462582,Symphyotrichum bullatum,Pascual,2668,7.14,0.97,65.19,10.28,38.42,8.59,4.56,0.74,0,0.48,0.19,13.7,1.57
462582,Symphyotrichum bullatum,Pascual,2668,5.12,0.79,60.49,6.68,48.89,7.16,4.98,0.64,0,0.4,0.29,9.14,1.17
462582,Symphyotrichum bullatum,Pascual,2668,5.59,0.83,36.05,11.73,59.63,5.47,2.47,0.85,0,0.55,0.34,12.64,0.62
462579,Symphyotrichum bullatum,Pascual,2051,6.34,0.82,58.21,9.36,7.7,1.04,2.82,0.56,0,0.33,0.25,11.74,1.21
462579,Symphyotrichum bullatum,Pascual,2051,6.01,0.75,53.64,8.5,17.12,1.31,2.42,0.48,0,0.31,0.23,10.92,1.41
462579,Symphyotrichum bullatum,Pascual,2051,5.48,0.65,41.24,7.68,11.02,0.92,2.74,0.46,0,0.53,0.16,9.47,1.08
461311,Symphyotrichum bullatum,Pascual,956,5.64,0.59,96.74,13.21,12.6,1.02,3.89,0.64,0,0.51,0.15,11.27,1.07
461311,Symphyotrichum bullatum,Pascual,956,6.04,0.48,67.73,9.84,7.03,0.82,3.23,0.62,0,0.4,0.2,10.76,1.11
461311,Symphyotrichum bullatum,Pascual,956,5.68,0.66,69.68,8.35,10,1.11,2.47,0.6,0,0.35,0.17,10.54,1.19
461310,Symphyotrichum bullatum,Pascual,897,5.74,0.88,66.23,8.1,4.54,0.91,2.46,0.64,0,0.62,0.21,11.79,1.26
461310,Symphyotrichum bullatum,Pascual,897,6.4,0.7,69.05,10.22,8.62,1.34,3.2,0.72,0,0.41,0.28,10.04,1
461310,Symphyotrichum bullatum,Pascual,897,6.15,0.48,77.9,9.55,6.04,1.05,1.94,0.61,0,0.76,0.25,8.69,0.92
67573,Symphyotrichum carnerosanum,Hinton,23915,7.34,1.63,73.63,16.9,15.73,3.91,6.74,0.68,0,0.42,0.2,13.72,1.4
67573,Symphyotrichum carnerosanum,Hinton,23915,7.45,1.29,59.74,14.02,12.25,2.58,5.27,1.07,0,0.28,0.16,14.61,2.1
67573,Symphyotrichum carnerosanum,Hinton,23915,7-Jul,1.15,57.82,12.34,14.25,3.28,4.4,0.82,0,0.38,0.32,16.43,2.14
67541,Symphyotrichum carnerosanum,Villarreal,6277,6.42,1.72,28.27,12.48,17.08,3.41,15.42,2.56,0,0,0.27,18.99,1.23
67541,Symphyotrichum carnerosanum,Villarreal,6277,6.98,1.38,16.88,4.45,18.73,3.95,12.13,2.53,0,0,0.34,17.93,1.29
67541,Symphyotrichum carnerosanum,Villarreal,6277,7.48,1.86,48.7,6.01,15.6,3.18,9.11,2.12,0,0,0.36,18.39,1.42
67562,Symphyotrichum carnerosanum,Patterson,6366,6.03,1.1,65.1,6.07,12.75,5.9,18.9,2.52,0,0.38,0.26,13.74,1.08
67562,Symphyotrichum carnerosanum,Patterson,6366,3.61,1.09,44.15,11.11,11.22,2.98,6.96,1.61,0,0.25,0.21,14.07,0.71
67562,Symphyotrichum carnerosanum,Patterson,6366,4.52,1.05,37.6,4.52,24.46,2.53,10.1,1.47,0,0.29,0.28,15.38,1.87
67574,Symphyotrichum carnerosanum,Hinton,23909,5.26,1.22,83.24,17.29,13.66,3.06,5.59,1.32,0,0.79,0.23,13.58,1.61
67574,Symphyotrichum carnerosanum,Hinton,23909,3.97,1,62.21,8.1,11.93,3.93,6.12,1.73,0,0.56,0.34,14.13,1.18
67574,Symphyotrichum carnerosanum,Hinton,23909,4.7,0.96,67.88,12.1,14.74,4.11,5.77,1.38,0,0.41,0.58,14.03,1.36
67552,Symphyotrichum carnerosanum,Villarreal,3134,4.33,1.15,18.5,3.97,7.91,2.07,5.26,1.37,0,0.45,0.35,13.09,1.59
67552,Symphyotrichum carnerosanum,Villarreal,3134,4.45,1.21,23,3.07,6.67,1.88,4.62,1.13,0,0.34,0.25,14.61,1.52
67552,Symphyotrichum carnerosanum,Villarreal,3134,5.45,1.18,12.95,2.17,6.06,1.84,5.27,1.38,0,0.47,0.29,13.18,1.76
67560,Symphyotrichum carnerosanum,Hinton,18324,8.35,1.53,29.95,3.06,10.23,2.47,5.42,1.19,0,0.37,0.34,18.25,1.58
67560,Symphyotrichum carnerosanum,Hinton,18324,6.8,0.82,47.43,5.53,12.76,2.22,3.6,0.95,0,0.26,0.25,14.92,1.46
67560,Symphyotrichum carnerosanum,Hinton,18324,6.98,1.28,44.61,6.52,9.03,2.75,4.02,1.23,0,0.32,0.22,16.56,1.41
421827,Symphyotrichum chihuahuensis,Breedlove,63148,8.16,0.98,30.03,3.28,8.76,1.66,6.48,0.85,0,0.51,0.34,19.53,2.13
421827,Symphyotrichum chihuahuensis,Breedlove,63148,7.71,1.11,32.35,5.32,7.16,1.44,4.41,0.94,0,0.35,0.28,17.12,1.22
421827,Symphyotrichum chihuahuensis,Breedlove,63148,8.07,1.14,31.07,4.49,9.81,1.72,5.79,1.19,0,0.37,0.25,17.22,1.36
566379,Symphyotrichum ciliatum,King and Garvey,12359,4.69,1.31,35.82,3.48,28.08,1.94,7.56,0.58,0,0,0,,
566379,Symphyotrichum ciliatum,King and Garvey,12359,6.28,1.12,43.97,2.78,16.3,2.08,11.54,1.01,0,0,0,,
566379,Symphyotrichum ciliatum,King and Garvey,12359,5.17,1.27,48.23,3.1,23.87,1.99,8.02,0.79,0,0,0,,
566378,Symphyotrichum concinnum,Churchill,87416,3.97,0.86,110.17,11.66,19.5,5.49,2.39,0.48,0,0,0,11.05,0.82
566378,Symphyotrichum concinnum,Churchill,87416,3.17,0.79,81.41,8.71,13.61,3.37,2.71,0.73,0,0,0,9.81,1.17
566378,Symphyotrichum concinnum,Churchill,87416,3.99,0.71,109.87,12.19,10.55,2.07,2.57,0.61,0,0,0,8.24,1.14
MISSA030932,Symphyotrichum concolor,Majure,3636,3.05,1.12,19.39,7.14,8.36,3.21,1.77,0.68,0,0,0,11.79,1.18
MISSA030932,Symphyotrichum concolor,Majure,3636,2.77,1.08,23.04,8.07,9.17,4.24,2.81,0.68,0,0,0,12.52,1.72
MISSA030932,Symphyotrichum concolor,Majure,3636,4.4,1.07,19.29,6.47,8.3,3.12,3.19,1.32,0,0,0,12.92,1.84
MISSA030991,Symphyotrichum concolor,Majure,3618,4.38,1.31,34.59,9.32,10.82,3.18,2.6,0.72,0,0,0,12.89,2.25
MISSA030991,Symphyotrichum concolor,Majure,3618,3.72,1.14,33.12,8.55,11.35,4.03,3.33,1.06,0,0,0,15.16,2.56
MISSA030991,Symphyotrichum concolor,Majure,3618,4.94,1.23,27.98,6.58,10.37,3.15,4.36,1.26,0,0,0,13.15,1.89
MISSA005846,Symphyotrichum cordifolium,Ray,4725,5.61,1.23,103.42,50.66,17.85,3.84,21.33,1.61,2.46,0,0,10.2,1.68
MISSA005846,Symphyotrichum cordifolium,Ray,4725,3.24,0.73,52.15,33.62,20.39,2.97,13.28,2.16,5.66,0,0,8.52,1.09
MISSA005846,Symphyotrichum cordifolium,Ray,4725,6.8,0.93,65.32,44.03,22.2,2.75,17.03,2.76,3.92,0,0,7.37,0.72
MISSA005848,Symphyotrichum cordifolium,Fishbein,5484,3.16,0.58,94.41,61.24,24.49,15.61,11.69,3.78,14.55,0,0,12.09,2.42
MISSA005848,Symphyotrichum cordifolium,Fishbein,5484,2.5,0.59,67.32,50.2,16.96,13.55,10.42,5.12,10.68,0,0,10.46,1.62
MISSA005848,Symphyotrichum cordifolium,Fishbein,5484,2.98,0.8,66.66,50.84,16.62,9.72,16.93,8.36,11.04,0,0,11.42,1.64
67580,Symphyotrichum divaricatum,Garcia,763,3.92,0.85,93.03,7.05,15.6,1.65,2.56,0.56,0,0,0,7.33,1.13
67580,Symphyotrichum divaricatum,Garcia,763,4.86,0.9,54.98,1.72,19.25,1.16,2.84,0.79,0,0,0,9.53,0.66
67580,Symphyotrichum divaricatum,Garcia,763,5.91,0.86,62.73,2.46,15.52,1.39,3.75,0.85,0,0,0,10.35,0.75
306642,Symphyotrichum divaricatum,Villareal,8883,5.47,0.55,40.4,3.17,5.42,0.96,1.61,0.75,0,0,0,6.89,0.95
306642,Symphyotrichum divaricatum,Villareal,8883,5.16,0.58,43.9,2.82,5.91,0.99,1.98,0.49,0,0,0,6.12,0.93
306642,Symphyotrichum divaricatum,Villareal,8883,4.38,0.88,37.46,2.84,5.01,0.89,2.52,0.47,0,0,0,6.3,0.92
67582,Symphyotrichum divaricatum,Garcia,763,6.63,0.94,88.48,4.62,13.61,2.12,3.17,0.56,0,0.28,0.2,7.98,1.21
67582,Symphyotrichum divaricatum,Garcia,763,6.34,1.21,102.86,4.38,8.97,1.47,3.38,0.94,0,0.36,0.25,8.61,1.17
67582,Symphyotrichum divaricatum,Garcia,763,5.37,0.97,115.78,4.51,12.55,1.74,3.13,0.87,0,0.32,0.18,7.7,1.14
MISSA031874,Symphyotrichum divaricatum,Mills,45,4.96,1.01,76.21,2.59,70.19,2.02,2.52,0.24,0,0,0,6.93,0.94
MISSA031874,Symphyotrichum divaricatum,Mills,45,4.52,0.82,72.13,2.62,66.31,2.02,2.91,0.36,0,0,0,7.48,1.05
MISSA031874,Symphyotrichum divaricatum,Mills,45,5.03,1.23,86,3.32,36.83,2.92,3.06,0.49,0,0,0,8.07,1.06
67577,Symphyotrichum divaricatum,Dominguez,54,5.78,0.5,42.76,4.7,4.61,0.77,2.31,0.35,0,0,0,9.38,1.18
67577,Symphyotrichum divaricatum,Dominguez,54,5.48,0.75,47.63,5.85,3.19,0.81,2.6,0.43,0,0,0,9.08,1.16
67577,Symphyotrichum divaricatum,Dominguez,54,5.42,0.59,35.22,4.21,5.95,1.21,1.81,0.39,0,0,0,8.74,0.94
67590,Symphyotrichum divaricatum,Hernández,1232,6.07,0.72,55.21,8.56,6.43,1.63,2.41,0.32,0,0.39,0,9.84,1.09
67590,Symphyotrichum divaricatum,Hernández,1232,5.72,0.79,49.75,4.26,3.93,0.79,2.19,0.63,0,0.17,0,7.79,1.13
67590,Symphyotrichum divaricatum,Hernández,1232,5.77,1.01,39.42,5.33,3.38,0.57,3.47,0.58,0,0.41,0,6.97,0.98
67585,Symphyotrichum divaricatum,Medrano,17599,5.68,0.61,50.59,3.34,7.11,1.01,2.39,0.73,0,0,0,8.56,0.58
67585,Symphyotrichum divaricatum,Medrano,17599,6.02,0.93,54.65,2.58,3.86,0.74,2.62,0.52,0,0,0,9.04,1.13
67585,Symphyotrichum divaricatum,Medrano,17599,6.11,0.82,23.35,1.89,2.87,0.66,2.92,0.53,0,0,0,9.17,1.44
421831,Symphyotrichum drummondii,Henrickson,22530,7.82,0.93,60.87,14.5,17.99,3.74,3.46,0.91,0,0.78,0.4,17.15,2.27
421831,Symphyotrichum drummondii,Henrickson,22530,7.05,1.37,74.5,22.92,10.91,2.03,4.86,0.81,0,0.4,0.23,14.3,2.1
421831,Symphyotrichum drummondii,Henrickson,22530,7.43,1.06,68.07,28.82,13.47,2.73,4.02,0.66,0,0.88,0.29,,
MISSA005870,Symphyotrichum drummondii,McDaniel,9840,4.23,0.71,85.49,56.63,6.7,2.06,2.7,0.4,11.31,0.44,0.54,9.3,1.35
MISSA005870,Symphyotrichum drummondii,McDaniel,9840,4.91,0.77,76.81,49.24,5.94,1.3,2.85,0.68,16.53,0.56,0.24,10.69,2.01
MISSA005870,Symphyotrichum drummondii,McDaniel,9840,4.85,0.76,84.84,59.71,5.48,1.42,2.74,0.64,9.35,0.52,0.26,11.17,1.5
MISSA005862,Symphyotrichum dumosum,Fishbein,5461,3.04,0.96,23.82,2.15,9.11,1.41,3.57,0.89,0,0,0,6.84,1.09
MISSA005862,Symphyotrichum dumosum,Fishbein,5461,3.75,0.89,18.87,2.69,11.96,1.47,4.95,1.07,0,0,0,6.89,1.18
MISSA005862,Symphyotrichum dumosum,Fishbein,5461,3.99,0.86,31.22,2.09,12.25,2,4.76,0.92,0,0,0,6.79,0.77
MISSA005863,Symphyotrichum dumosum,Fishbein,4922,3.53,0.69,11.04,1.5,9.39,1.63,2.41,0.48,0,0,0,10.96,1.27
MISSA005863,Symphyotrichum dumosum,Fishbein,4922,4.37,1.02,10.81,1.57,10.92,1.75,2.46,0.58,0,0,0,10.81,0.67
MISSA005863,Symphyotrichum dumosum,Fishbein,4922,3.56,0.73,7.95,1.38,9.68,1.63,2.39,0.71,0,0,0,10.56,0.95
67593,Symphyotrichum ericoides,Stewart,1616,4.51,0.76,36.16,2.63,9.57,1.12,1.91,0.46,0,1,0,0,0
67593,Symphyotrichum ericoides,Stewart,1616,4.9,1.03,20.26,2.09,22.45,1.68,2.19,0.8,0,0.77,0,0,0
67593,Symphyotrichum ericoides,Stewart,1616,4.69,1.01,42.11,3.55,10.81,1.61,2.52,0.65,0,1.04,0,0,0
67597,Symphyotrichum ericoides,Sundberg ,3128,3.88,1.11,13.9,1.84,9.69,2.05,3.5,0.73,0,1.69,0.27,7.33,0.91
67597,Symphyotrichum ericoides,Sundberg ,3128,3.47,1.03,10.51,2.02,9.31,1.6,4.29,1.15,0,0.87,0.2,8.07,1.31
67597,Symphyotrichum ericoides,Sundberg ,3128,3.7,1.01,13.25,2.03,9.94,1.89,4.78,1.17,0,1.09,0.21,7.92,0.62
191161,Symphyotrichum ericoides,Villareal ,8582,4.49,0.91,10.65,1.56,6.86,1.59,1.99,0.28,0,0.17,0.14,6.32,0.71
191161,Symphyotrichum ericoides,Villareal,8582,4.12,0.96,11.16,2.1,4.33,1.08,1.37,0.67,0,0.39,0.2,4.55,0.8
191161,Symphyotrichum ericoides,Villareal,8582,3.86,0.71,19.19,1.74,3.96,0.96,1.8,0.53,0,0.41,0.25,5.25,0.67
MISSA036010,Symphyotrichum ericoides,Folk,323,3.53,0.55,63.09,3.13,11.92,1.93,8.4,1.04,0,0,0,7.19,0.82
MISSA036010,Symphyotrichum ericoides,Folk,323,3.18,0.75,58.27,3.6,10.1,1.64,9.98,1.19,0,0,0,7.22,0.76
MISSA036010,Symphyotrichum ericoides,Folk,323,3.33,0.6,42.4,2.21,13.44,1.61,6.95,86,0,0,0,7.44,0.5
MISSA036012,Symphyotrichum ericoides,Folk,285,3.29,0.6,28.32,1.98,11.21,1.5,2.65,0.39,0,0,0,5.14,0.8
MISSA036012,Symphyotrichum ericoides,Folk,285,2.71,0.51,21.2,1.73,8.33,1.58,2.75,0.51,0,0,0,6,0.88
MISSA036012,Symphyotrichum ericoides,Folk,285,3.42,0.89,17.82,1.53,9.44,1.55,3.97,1,0,0,0,5.57,1.14
67595,Symphyotrichum ericoides,Marsh,1027,3.71,0.76,6.29,1.46,5.22,0.97,2.18,0.58,0,0.37,0.27,7.67,1.02
67595,Symphyotrichum ericoides,Marsh,1027,3.78,0.63,9.17,1.44,5.44,0.98,2.61,0.62,0,0.39,0.23,6.68,0.68
67595,Symphyotrichum ericoides,Marsh,1027,3.79,0.7,5.42,1.31,8.24,1.35,2.28,0.95,0,0.48,0.2,6.02,0.63
67592,Symphyotrichum ericoides,Marsh,1027,4.45,0.96,n/a,n/a,6.44,1.1,3.38,0.63,0,0,0.25,7.83,0.62
67592,Symphyotrichum ericoides,Marsh,1027,3.63,0.88,n/a,n/a,5.68,1.12,2.93,0.6,0,0,0.2,7.81,0.44
67592,Symphyotrichum ericoides,Marsh,1027,3.91,0.85,n/a,n/a,4.84,0.92,2.71,0.93,0,0,0.13,8.49,0.6
67703,Symphyotrichum expansum_1,Koch,8282,5.93,1.11,63.58,3.53,26.18,1.85,3.03,1.15,0,0,0,9.03,0.46
67703,Symphyotrichum expansum_1,Koch,8282,7.08,1.04,124.2,5.09,12.17,1.12,2.99,0.23,0,0,0,8.17,0.82
67703,Symphyotrichum expansum_1,Koch,8282,7.14,0.88,106.29,3.16,11.6,1.48,2.76,0.35,0,0,0,8.21,0.67
67747,Symphyotrichum expansum_1,Sundberg ,3063,6.95,1.23,105.23,9.62,9.88,1.15,2.09,0.5,0,0,0,11.98,0.6
67747,Symphyotrichum expansum_1,Sundberg ,3063,6.58,0.86,113.86,10.04,8.6,0.96,3.05,0.17,0,0,0,8.75,0.46
67737,Symphyotrichum expansum_1,Sundberg ,3063,6.94,1.27,110.9,9.38,13.91,1.03,4.2,0.34,0,0,0,8.84,0.8
67615,Symphyotrichum expansum_1,Lavin,5439,5.6,0.67,68.65,13.12,13.73,1.71,2.62,0.55,0,0,0,6.34,0.56
67615,Symphyotrichum expansum_1,Lavin,5439,4.89,0.89,90.29,6.79,7.97,1.1,3.48,0.74,0,0,0,6.31,0.38
67615,Symphyotrichum expansum_1,Lavin,5439,5.92,1.01,82.86,13.4,5.52,1.67,3.06,0.7,0,0,0,6.68,0.29
67713,Symphyotrichum expansum_1,Henrickson,17528,6.26,0.43,73.19,2.62,3.63,0.78,2.12,0.43,0,0,0,7.9,0.56
67713,Symphyotrichum expansum_1,Henrickson,17528,4.98,0.51,69.41,1.75,6.2,1.09,2.19,0.4,0,0,0,7.69,0.44
67713,Symphyotrichum expansum_1,Henrickson,17528,5.77,0.6,27.24,1.87,3.95,0.69,2.33,0.59,0,0,0,7.76,0.51
67644,Symphyotrichum expansum_1,Sundberg ,1700,6.36,0.71,160.2,10.88,5.13,0.8,3.1,0.73,0,0,0,6.43,0.72
67644,Symphyotrichum expansum_1,Sundberg ,1700,5.95,0.91,170.92,14.11,8.06,1.03,3.44,0.51,0,0,0,7.59,0.57
67644,Symphyotrichum expansum_1,Sundberg ,1700,6.34,0.68,155.43,6.07,8.58,1.24,2.58,0.57,0,0,0,8.28,0.83
67639,Symphyotrichum expansum_1,Patterson,6270,5.77,0.65,90.84,12.27,10.36,1.97,2.35,0.5,0,0,0,6.12,0.58
67639,Symphyotrichum expansum_1,Patterson,6270,6.67,0.57,91.32,11.91,15.32,2.24,2.22,0.68,0,0,0,6.43,0.43
67639,Symphyotrichum expansum_1,Patterson,6270,5.34,0.62,80.45,8.89,11.19,1.89,2.34,0.64,0,0,0,6.76,0.74
67837,Symphyotrichum falcatum,Hinton,18609,4.72,1.17,22.95,2.74,10.96,1.92,2.97,0.95,0,0.9,0.27,9.09,1.56
67837,Symphyotrichum falcatum,Hinton,18609,3.66,1,28.8,2.62,10.82,2.05,7.7,0.92,0,0.62,0.33,9.4,2.3
67837,Symphyotrichum falcatum,Hinton,18609,4.18,1.3,20.46,3.09,11.85,1.98,4.72,1.23,0,0.7,0.31,9.15,0.98
67827,Symphyotrichum falcatum,Hernandez,n/a,5.63,1.09,51.36,4.65,7.33,1.29,4.33,1,0,0.79,0.35,8.89,1.57
67827,Symphyotrichum falcatum,Hernandez,n/a,4.64,0.71,38.75,3.56,7.73,1.54,3.81,0.85,0,0.45,0.25,9.1,0.94
67827,Symphyotrichum falcatum,Hernandez,n/a,5.07,1.22,34.7,3.39,5.33,1.64,4.27,1.12,0,0.98,0.23,8.07,1.02
455752,Symphyotrichum falcatum,Reina,1746,5.11,0.78,35.83,4.63,10.83,1.88,2.21,0.78,0,0.79,0.21,7.7,1.07
455752,Symphyotrichum falcatum,Reina,1746,5.12,0.91,19.45,2.94,8.19,1.61,2.07,1.06,0,0.62,0.19,7.57,1.13
455752,Symphyotrichum falcatum,Reina,1746,5.36,0.49,31.13,3.12,11.31,1.8,4.03,0.54,0,1.01,0.34,6.3,1.37
67832,Symphyotrichum falcatum,Enriquez,114,5.21,0.88,16.6,2.01,3.76,0.51,5.56,1.02,0,0.22,0.16,9.23,0.74
67832,Symphyotrichum falcatum,Enriquez,114,4.45,1.11,18.18,2.21,3.01,0.8,4.73,0.88,0,0.26,0.22,8.27,0.75
67832,Symphyotrichum falcatum,Enriquez,114,3.89,0.82,15.59,2.05,3.16,0.59,2.66,0.82,0,0.21,0.15,8.47,0.88
430624,Symphyotrichum falcatum,"Yahara, Mishima, Soejima, Kawahara",1638,3.64,0.42,42.49,10.38,5.26,1.51,1.91,0.45,0,0.57,0.17,8.49,0.69
430624,Symphyotrichum falcatum,"Yahara, Mishima, Soejima, Kawahara",1638,3.11,0.66,29.7,4.76,5.28,1.15,2.14,0.59,0,0.49,0.25,7.69,0.86
430624,Symphyotrichum falcatum,"Yahara, Mishima, Soejima, Kawahara",1638,3.1,0.51,27.39,4.14,5.82,1.36,1.96,0.5,0,0.47,0.13,8.79,0.9
421826,Symphyotrichum falcatum,Devender,2001-930,4.55,0.82,7.73,1.81,4.82,1.16,2.44,0.7,0,0.75,0.25,10.38,1.12
421826,Symphyotrichum falcatum,Devender,2001-931,4.34,1,10.52,2.25,5.51,1,2.31,0.78,0,0.57,0.3,7.76,1.19
421826,Symphyotrichum falcatum,Devender,2001-932,4.1,0.73,10.38,2.28,7.42,1.48,2.61,0.75,0,0.49,0.24,9.89,1.35
67826,Symphyotrichum falcatum var. commutatum,Sanders,12490,4.02,0.86,20.12,2.71,5.83,1.09,2.26,0.95,0,0.47,0.29,7.14,0.7
67826,Symphyotrichum falcatum var. commutatum,Sanders,12490,4.61,0.63,18.99,2.41,6.97,1.53,3.37,0.57,0,0.34,0.25,8.2,0.59
67826,Symphyotrichum falcatum var. commutatum,Sanders,12490,4.6,0.93,13.83,1.84,5.14,0.71,2.67,0.48,0,0.45,0.22,6.9,0.98
67835,Symphyotrichum falcatum var. commutatum,Turner,15600,4.31,1.13,26.42,3.61,4.06,1,2.35,0.84,0,0.43,0.12,9.55,1.55
67835,Symphyotrichum falcatum var. commutatum,Turner,15600,4.1,1.1,25.73,3.82,2.45,0.98,2.43,0.61,0,0.53,0.51,8.86,1.3
67835,Symphyotrichum falcatum var. commutatum,Turner,15600,3.58,1.07,39.39,2.43,3.22,1.22,2.45,0.73,0,0.24,0.24,10.11,1.31
67836,Symphyotrichum falcatum var. commutatum,Sundberg ,3133,4.86,1.17,n/a,n/a,17.07,2.12,3.8,0.87,0,0,0.29,10.06,1.14
67836,Symphyotrichum falcatum var. commutatum,Sundberg ,3133,2.96,1.36,n/a,n/a,18.23,1.98,4.09,0.88,0,0,0.12,8.33,1.04
67836,Symphyotrichum falcatum var. commutatum,Sundberg ,3133,5.12,1.46,n/a,n/a,21.51,2.54,3.73,0.67,0,0,0.2,9.36,1.01
67834,Symphyotrichum falcatum var. commutatum,Nesom,5295,4.81,0.99,21.93,3.01,14.18,2.67,4.19,0.91,0,0.89,0.25,7.99,0.68
67834,Symphyotrichum falcatum var. commutatum,Nesom,5295,4.53,0.82,16.35,2.81,17.33,2.52,4.62,0.71,0,0.97,0.27,8.19,1.59
67834,Symphyotrichum falcatum var. commutatum,Nesom,5295,5.03,0.87,17.36,3.3,9.08,1.42,2.6,0.92,0,0.8,0.23,7.57,1.67
430689,Symphyotrichum hintonii,"Yahara, Ohnishi, Hasegawa, Nakazawa, Hiramitsu",2972,8.34,1.58,29.2,6.56,5.56,1.4,3.18,0.77,0,0.72,0.31,14.45,1.44
430689,Symphyotrichum hintonii,"Yahara, Ohnishi, Hasegawa, Nakazawa, Hiramitsu",2972,8.82,1.45,24.39,5.32,6.19,1.77,3.48,0.89,0,0.42,0.28,11.5,1.29
430689,Symphyotrichum hintonii,"Yahara, Ohnishi, Hasegawa, Nakazawa, Hiramitsu",2972,6.5,1.22,14.82,2.78,9.08,2.08,3.51,1.07,0,0.49,0.24,12.34,1.19
67844,Symphyotrichum laeve,Dorantes,518,4.49,1.15,65.36,9.67,5.84,1.59,3.84,0.94,0,0.71,0.3,0,0
67844,Symphyotrichum laeve,Dorantes,518,6.49,1.35,66.88,10.77,6.18,1.61,1.43,0.83,0,0.65,0.29,0,0
67844,Symphyotrichum laeve,Dorantes,518,,,65.77,11.15,6.86,1.3,2.29,0.64,0,0.35,0.2,0,0
MISSA005878,Symphyotrichum laeve,MacDonald,9954,4.77,0.97,111.47,21.22,6.06,1.83,5.08,1.55,0,0,0,14.9,1.72
MISSA005878,Symphyotrichum laeve,MacDonald,9954,5.31,1.22,134.34,25.52,6.66,1.52,4.57,1.12,0,0,0,15.42,1.87
MISSA005878,Symphyotrichum laeve,MacDonald,9954,5.43,1.09,71.04,19.73,7.96,2.08,5.52,1.69,0,0,0,17.2,1.97
MISSA005879,Symphyotrichum laeve,McDaniel,9842,6.26,0.96,87.88,25.57,3.8,1.09,1.93,0.88,0,0,0,13.05,1.14
MISSA005880,Symphyotrichum laeve,McDaniel,9842,5.17,1.13,76.27,26.85,3.25,1.14,2.4,0.95,0,0,0,9.64,1.46
MISSA005881,Symphyotrichum laeve,McDaniel,9842,5.38,1.2,86.36,23.52,2.8,0.86,3.31,1.07,0,0,0,12.17,1.79
MISSA005888,Symphyotrichum lanceolatum,Buggs,26,4.8,0.7,129.57,16.03,11.62,3.3,2,0.2,0,0,0.15,9.34,0.58
MISSA005888,Symphyotrichum lanceolatum,Buggs,26,3.51,0.59,109.48,13.97,11.56,1.77,4.57,1.7,0,0,0.24,8.77,0.44
MISSA005888,Symphyotrichum lanceolatum,Buggs,26,3.57,0.45,100.82,12.6,7.43,1.95,2.72,0.57,0,0,0.3,8.46,0.56
MISSA005886,Symphyotrichum lanceolatum,Bowers,17,3.44,0.87,70.93,12.24,14.19,3.36,8.93,1.07,0,0,0,10.76,1.3
MISSA005886,Symphyotrichum lanceolatum,Bowers,17,3.36,0.96,65.24,10.13,11.76,3.17,8.45,1.3,0,0,0,10.54,0.43
MISSA005886,Symphyotrichum lanceolatum,Bowers,17,3.04,0.75,64.94,12.23,16.27,3.34,5.61,1.25,0,0,0,10.02,0.46
MISSA005898,Symphyotrichum lateriflorum,Havran,734,4.07,0.96,43.37,5.15,35,3.55,4.84,1.26,0,0.6,0.22,6.88,1.04
MISSA005898,Symphyotrichum lateriflorum,Havran,734,4.26,0.79,45.61,3.71,30.38,3.22,3.65,0.83,0,0.7,0.25,6.55,1.25
MISSA005898,Symphyotrichum lateriflorum,Havran,734,4.22,0.94,38.75,3.15,23.04,2.41,5.32,1.3,0,0.37,0.21,6.09,1.16
MISSA031517,Symphyotrichum lateriflorum,Denley,1027,3.88,0.67,115,20.5,10.89,4.97,9.96,3.05,0,1,0.23,6.93,1.17
MISSA031517,Symphyotrichum lateriflorum,Denley,1027,3.48,0.74,82.88,21.41,13.79,5.43,12.15,4.62,0,0.41,0.42,6.53,1.09
MISSA031517,Symphyotrichum lateriflorum,Denley,1027,3.61,0.88,102.33,21.57,28.42,6.91,2.96,1.71,0,0.77,0.51,6.37,0.91
566384,Symphyotrichum lentum,Howell,53357,5.9,1,43.4,5.35,10.87,2.06,2.91,0.7,0,0,0,14.63,1.89
566384,Symphyotrichum lentum,Howell,53357,6.19,0.88,37.34,3.9,8.58,1.23,3.86,0.74,0,0,0,12.05,0.75
566384,Symphyotrichum lentum,Howell,53357,6.01,1.11,81.83,3.6,9.57,1.61,3.42,0.86,0,0,0,14.7,2.03
67862,Symphyotrichum moranense,Diaz Luna ,67862,6.09,0.98,42.62,4.63,4.43,0.79,2.54,0.74,0,0,0.29,10.4,1.29
67862,Symphyotrichum moranense,Diaz Luna ,67862,6.88,0.71,48.89,6.37,7.06,1.37,2.22,1.07,0,0,0.32,11.26,0.95
67862,Symphyotrichum moranense,Diaz Luna ,67862,6.02,1.3,48.75,4.19,8.28,1.58,2.32,0.77,0,0,0.15,9.62,1.37
449009,Symphyotrichum moranense,Olazo,1353,5.66,0.97,22.05,2.14,12.35,1.75,3.17,0.71,0,0,0.21,10.64,1.52
449009,Symphyotrichum moranense,Olazo,1353,6.03,1.14,20.27,1.74,8.96,1.17,3.61,0.86,0,0,0.26,11.01,1.58
449009,Symphyotrichum moranense,Olazo,1353,6.22,1.22,26.63,1.6,13.94,1.29,3.22,0.86,0,0,0.19,7.96,0.87
67869,Symphyotrichum moranense,Rzedowski,18233,7.24,1.5,20.06,2.01,8.05,1.15,2.58,0.6,0,0,0.26,11.05,1.04
67869,Symphyotrichum moranense,Rzedowski,18233,7.52,1.22,31.65,2.24,7.88,1.19,2.57,0.82,0,0,0.14,11.84,1.3
67869,Symphyotrichum moranense,Rzedowski,18233,6.54,1.2,34.34,3.52,6.98,1.08,2.67,0.71,0,0,0.19,10.07,1.32
67861,Symphyotrichum moranense,McVaugh,23325,6.61,0.69,27.76,3.35,6.36,1.47,4.04,0.66,0,0,0.22,11.19,2.27
67861,Symphyotrichum moranense,McVaugh,23325,6.41,0.98,46.51,2.2,7.28,1.41,3.02,0.84,0,0,0.34,9.49,1.45
67861,Symphyotrichum moranense,McVaugh,23325,6.44,0.89,38.59,2.85,13.63,2.19,2.71,0.9,0,0,0.21,11.53,1.44
67859,Symphyotrichum moranense,King ,2497,7.17,1.22,26.81,2.75,8.31,0.99,3.64,1.02,0,0,0.28,15.34,2.26
67859,Symphyotrichum moranense,King ,2497,7.46,1.31,22.22,2.69,6.11,1.09,2.41,0.95,0,0,0.24,13.52,1.64
67859,Symphyotrichum moranense,King ,2497,8.28,0.92,19.71,3.01,10.03,1.08,4.1,0.62,0,0,0.21,15.89,1.93
67858,Symphyotrichum moranense,Cowan,5000,9.12,1.17,29.75,3,9.8,1.17,4.31,0.71,0,0,0.26,13.14,1.68
67858,Symphyotrichum moranense,Cowan,5000,9.53,1.39,28.91,3.52,7.36,1.08,4.49,1.02,0,0,0.25,14.79,1.42
67858,Symphyotrichum moranense,Cowan,5000,8.04,1.23,23.39,2.94,6.99,1.11,3.21,0.85,0,0,0.21,14.13,1.21
MISSA005906,Symphyotrichum novae-angliae,Fishbein,5467,10.12,1.46,23.32,7.72,22.69,6.79,11.52,2.47,1.21,0.55,0.46,14.11,1.28
MISSA005906,Symphyotrichum novae-angliae,Fishbein,5467,10,0.77,26.35,7.67,25.96,8.07,14.69,4.57,2.55,0.63,0.46,9.53,1.22
MISSA005906,Symphyotrichum novae-angliae,Fishbein,5467,8.96,1.07,24.7,7.75,23.91,7.97,11.55,2.21,2.14,0.47,0.24,18.89,0.93
MISSA036017,Symphyotrichum novae-angliae,Folk,325,5.54,1.44,22.84,5.93,14.27,4.56,7.28,1.68,1.1,0.77,0.46,16.76,1.51
MISSA036017,Symphyotrichum novae-angliae,Folk,325,5.42,1.05,22.49,6.69,14.17,4.14,7.99,2,2.1,1.26,0.37,16.42,1.67
MISSA036017,Symphyotrichum novae-angliae,Folk,325,5.31,1.78,21.15,7.14,19.26,6.05,5.98,1.89,1.45,1.19,0.22,17.02,1.24
67888,Symphyotrichum oblongifolium,Patterson and Quiñones,94,5.59,1.12,40.45,6.77,12.73,2.94,3.38,1.13,0,0.14,0.25,14.3,1.95
67888,Symphyotrichum oblongifolium,Patterson and Quiñones,94,4.8,0.81,26.11,4.27,6.71,1.67,3.99,1.18,0,0.33,0.31,15.45,1.47
67888,Symphyotrichum oblongifolium,Patterson and Quiñones,94,6.34,0.94,23.73,4.63,6.36,2.56,2.96,2.07,0,0.2,0.11,14.49,1.58
67887,Symphyotrichum oblongifolium,Ruiz,160,5.67,0.96,25.71,8.23,6.9,1.43,4.28,1.15,0,0.34,0.33,12.29,1.17
67887,Symphyotrichum oblongifolium,Ruiz,160,4.71,1.27,25.14,5.05,16.06,3.6,3.93,0.98,0,0.15,0.2,13.69,1.04
67887,Symphyotrichum oblongifolium,Ruiz,160,5.61,0.93,22.35,4.49,12.37,2.4,5.01,0.89,0,0.61,0.19,15.07,1.92
MISSA005918,Symphyotrichum ontarione,Fishbein,5474,5.19,0.74,75.02,19.41,14.78,2.76,3.72,1.11,0,0.34,0.39,6.57,1.32
MISSA005919,Symphyotrichum ontarione,Fishbein,5474,3.93,0.96,85.14,19.26,15.79,4.01,3.7,0.85,0,0.78,0.5,6.92,1.27
MISSA005920,Symphyotrichum ontarione,Fishbein,5474,5.12,0.83,64.76,16.76,14.45,3.9,4.2,0.97,0,0.33,0.22,6.35,1.22
MISSA005914,Symphyotrichum ontarione,MacDonald,9959,3.69,0.74,91.16,18.36,39.6,10.19,3.94,1.42,0,0.29,0.36,5.19,0.54
MISSA005915,Symphyotrichum ontarione,MacDonald,9959,5.06,0.53,98.52,20.2,32.22,7.39,6.38,1.88,0,0.57,0.28,5.7,0.84
MISSA005916,Symphyotrichum ontarione,MacDonald,9959,3.86,0.63,96.99,16.53,32.69,9.31,7.24,1.8,0,0.38,0.25,5.82,0.75
MISSA005921,Symphyotrichum oolentangiense,Ray,8715,3.67,0.76,73.96,21.54,11.34,3.26,2.88,1.19,0,0.35,0.36,9.93,1.13
MISSA005921,Symphyotrichum oolentangiense,Ray,8715,4.44,0.69,54.89,17.63,3.57,1.33,3.26,0.97,0,0.47,0.18,9.29,0.8
MISSA005921,Symphyotrichum oolentangiense,Ray,8715,3.92,0.96,48.13,15.58,4.38,1.42,3.24,1.3,0,0.15,0.3,10,2.34
MISSA036016,Symphyotrichum oolentangiense,Folk,338,3.79,0.9,102.22,34.54,10.75,3.76,1.9,0.55,5.14,0.44,0.15,7.76,1.34
MISSA036016,Symphyotrichum oolentangiense,Folk,338,3.51,0.76,110.38,38.46,9.34,2.24,2.43,0.74,2.25,0.36,0.12,7.96,0.75
MISSA036016,Symphyotrichum oolentangiense,Folk,338,3.4,0.87,70.9,24.19,5.34,1.77,2.74,0.83,2.94,0.38,0.13,7.07,0.46
67891,Symphyotrichum oolentangiensis var poaceum,Riskind,2125,7.33,0.75,114.95,14.52,8.48,1.15,2.66,0.77,0,0,0,9.84,0.93
67891,Symphyotrichum oolentangiensis var poaceum,Riskind,2125,7.24,0.76,162.51,23.94,6.88,1.05,2.76,0.73,0,0,0,12.78,1.24
67891,Symphyotrichum oolentangiensis var poaceum,Riskind,2125,6.68,0.81,127.52,10.68,9.67,0.92,2.59,0.55,0,0,0,0,0
MISSA036009,Symphyotrichum patens,Folk,550,3.18,0.82,46.27,14.87,27.24,12.06,5.66,1.77,1.7,0.33,0.3,13.2,2.09
MISSA036009,Symphyotrichum patens,Folk,550,3.39,1.01,28.63,11.63,24.95,12.88,4.08,1.09,1,0.71,0.53,11.32,1.52
MISSA036009,Symphyotrichum patens,Folk,550,4.94,1.42,25.35,9.53,22.88,9.55,7.14,1.55,1.39,0.38,0.27,12.46,2.04
MISSA036013,Symphyotrichum patens,Folk,318,5.47,1.35,79.39,13.14,25.58,6.94,6.95,2.02,0.55,0,0,15.03,2.1
MISSA036013,Symphyotrichum patens,Folk,318,4.25,1.49,37.84,7.68,11.54,4.44,3.24,1.45,0.7,0,0,15.66,3.19
MISSA036013,Symphyotrichum patens,Folk,318,4.93,1.53,36.96,10.14,12.1,3.85,4.38,1.51,0.74,0,0,13.17,2.2
MISSA005938,Symphyotrichum pilosum,Lassetter ,487,3.96,1.27,61,5.08,16.88,2.96,8.08,1.31,0,0.72,0.35,9.12,1.51
MISSA005938,Symphyotrichum pilosum,Lassetter ,487,4.73,0.95,38,4.72,11.15,2.11,14.69,2.17,0,1.2,0.68,8.73,0.84
MISSA005938,Symphyotrichum pilosum,Lassetter ,487,3.71,0.81,33.34,5.54,15.29,2.91,4.51,0.65,0,1.24,0.5,9.35,0.9
MISSA005928,Symphyotrichum pilosum,Majure,1909,3.78,1.2,54.82,8.17,18.84,2.75,12.65,1.67,0,0.66,0.73,9.55,1.32
MISSA005928,Symphyotrichum pilosum,Majure,1909,4.55,1.28,66.68,7.61,16.75,2.61,9.85,1.59,0,0.54,0.27,10.14,1.22
MISSA005928,Symphyotrichum pilosum,Majure,1909,3.51,0.83,42.06,7.18,16.82,2.94,9.42,1.61,0,0.78,0.44,9.78,1.19
67927,Symphyotrichum potosinum,Sundberg ,2986,7.74,1.04,82.57,4.37,32.31,3.36,3.72,0.75,0,0,0,14.37,1.06
67927,Symphyotrichum potosinum,Sundberg ,2986,7.3,1.22,64.38,4.53,14.01,2.16,3.1,0.58,0,0,0,12.99,1.71
67927,Symphyotrichum potosinum,Sundberg ,2986,6.59,0.86,76.98,4.42,18.36,2.25,3.36,0.84,0,0,0,10.77,1.47
67897,Symphyotrichum potosinum,Fishbein,624,6.98,0.81,58.11,2.73,20.38,1.5,3.75,0.63,0,0,0,11.84,1.5
67897,Symphyotrichum potosinum,Fishbein,624,6.32,0.92,90.56,1.98,9.96,0.83,4.19,0.46,0,0,0,11.27,1.61
67897,Symphyotrichum potosinum,Fishbein,624,5.53,0.98,99.58,2.24,23.99,1.62,2.95,0.69,0,0,0,10.15,1.06
67925,Symphyotrichum potosinum,Alvarado,445,6.19,0.57,98.14,2.7,12.84,1.09,3.09,0.61,0,0,0,12.28,1.21
67925,Symphyotrichum potosinum,Alvarado,445,6.1,0.65,53.32,2.21,16.86,1.19,4.1,0.66,0,0,0,12.01,0.71
67925,Symphyotrichum potosinum,Alvarado,445,5.61,1.06,62.79,2.84,12.92,1.48,3.07,0.53,0,0,0,12.16,0.85
67922,Symphyotrichum potosinum,Nesom,4440,8.91,1.48,90.41,5.68,20.2,2.48,7.35,1.01,0,0,0,16.89,1.83
67922,Symphyotrichum potosinum,Nesom,4440,8.04,1.11,75.87,6.09,20.58,1.81,6.23,1.17,0,0,0,14.93,1.21
67922,Symphyotrichum potosinum,Nesom,4440,6.82,1.02,78.84,5.62,25.71,2.71,5.51,1.2,0,0,0,14.68,1.79
67916,Symphyotrichum potosinum,Sundberg ,2820,5.38,0.99,63.88,3.41,15.19,1.15,5.62,1.03,0,0,0,11.48,1.7
67916,Symphyotrichum potosinum,Sundberg ,2820,5.53,0.68,71.11,2.6,14.23,2.08,5.49,0.57,0,0,0,11.24,2.1
67916,Symphyotrichum potosinum,Sundberg ,2820,6.55,1.28,63.67,2.11,20.65,1.74,3.89,0.62,0,0,0,11.43,1.45
67895,Symphyotrichum potosinum,Devender,98-1037,6.59,1.03,79.73,3.21,21.51,1.23,4.65,0.67,0,0,0,11.79,1.66
67895,Symphyotrichum potosinum,Devender,98-1037,6.66,0.8,79.5,2.53,16.75,1.02,3.24,0.51,0,0,0,11.49,1.36
67895,Symphyotrichum potosinum,Devender,98-1037,6.79,0.65,64.91,2.23,10.77,1.15,4.07,0.43,0,0,0,11.43,1.28
67932,Symphyotrichum praealtum,Hinton,24009,7.06,1.45,67.99,11.59,41.62,5.15,7.1,1.03,0,0,0.12,15.28,1.5
67932,Symphyotrichum praealtum,Hinton,24009,5.78,0.8,89.44,9.84,15.84,2.38,7.13,1.22,0,0,0.21,16.48,0.77
67932,Symphyotrichum praealtum,Hinton,24009,6.58,1.07,82.27,12.76,21.43,4.44,6.78,0.67,0,0,0.19,17.15,1.3
MISSA005953,Symphyotrichum praealtum,Havran,1519,3.2,0.98,28.33,5.27,24.38,3.89,7.33,1.62,0,0.39,0.56,10.79,1.25
MISSA005953,Symphyotrichum praealtum,Havran,1519,4.65,1.05,26.74,5.05,23.34,4.08,7.41,1.79,0,0.44,0.42,10.73,1.55
MISSA005953,Symphyotrichum praealtum,Havran,1519,3.56,0.84,28.27,5.01,20.5,3.62,7.19,1.62,0,0.49,0.43,10.27,1.22
MISSA005954,Symphyotrichum praealtum,Fishbein,5466,3.66,0.88,80.88,8.55,29.36,4.53,10.89,2.69,0,0.3,0.39,10.33,1.2
MISSA005954,Symphyotrichum praealtum,Fishbein,5466,4.06,0.96,66.39,8.93,33.66,6.41,7.58,2.02,0,0.33,0.4,12.12,1.43
MISSA005954,Symphyotrichum praealtum,Fishbein,5466,3.14,0.83,71.75,8.92,28.58,5.22,4.35,1.5,0,0.4,0.5,13.67,1.52
MISSA005955,Symphyotrichum pratense,Ray,8463,9.88,4.95,23.46,6.01,14.94,4.48,14.83,3.98,0,0,0.45,26.98,3.4
MISSA005955,Symphyotrichum pratense,Ray,8463,12.54,3.23,26.23,6.52,22.38,6.42,10.42,3.64,0,0,0.36,27.64,3.94
MISSA005955,Symphyotrichum pratense,Ray,8463,11.95,5.25,24.62,5.35,16.5,5.22,11.15,3.17,0,0,0.52,25.48,3.09
MISSA005956,Symphyotrichum pratense,Fishbein,5465,12.96,6.15,24.36,6.89,16.92,5.46,8.46,4.11,0,0.34,0.53,20.4,2.51
MISSA005956,Symphyotrichum pratense,Fishbein,5465,10.13,2.62,22.45,7.43,9.66,3.97,11.64,4.18,0,0.18,0.33,14.4,1.86
MISSA005956,Symphyotrichum pratense,Fishbein,5465,8.43,4.56,20.17,7.24,7.3,3.66,7.57,3.99,0,0.08,0.3,14.73,1.61
67968,Symphyotrichum purpurescens,Patterson,5890,6.36,0.86,27.1,3.72,12.69,2.09,5.33,1.2,0,0.39,0.46,15.08,1.64
67968,Symphyotrichum purpurescens,Patterson,5890,6.15,0.91,20.65,4.18,8.72,1.82,4.38,0.82,0,0.67,0.38,16.29,1.13
67968,Symphyotrichum purpurescens,Patterson,5890,6.94,1.36,19.95,3.49,12.64,1.39,4.81,0.7,0,0.63,0.47,17,1.27
67987,Symphyotrichum purpurescens,Turner,0-53,5.91,0.89,21.03,2.38,5.83,0.89,4.71,1.07,0,0.52,0.22,13.97,1.95
67987,Symphyotrichum purpurescens,Turner,0-53,7.15,1.16,14.53,1.75,5.79,1.12,3.79,0.88,0,0.8,0.18,11.9,1.43
67897,Symphyotrichum purpurescens,Turner,0-53,7.19,1.14,15.72,2.11,8.15,1.45,4.01,0.93,0,0.52,0.15,15.17,1.98
67991,Symphyotrichum purpurescens,Turner,15283,7.05,1.48,19.92,3.7,11.25,2.33,5.49,1.21,1.27,0.38,0.25,13.87,1.12
67991,Symphyotrichum purpurescens,Turner,15283,6.24,1.37,16.21,2.99,7.95,1.27,5.39,1.49,0.78,0.54,0.28,11.9,1.79
67991,Symphyotrichum purpurescens,Turner,15283,5.12,1.28,20.53,3,12.76,2.06,4.14,1.18,0.59,0.29,0.13,13.08,1.4
67995,Symphyotrichum purpurescens,Salamón,3501,5.87,0.67,24.82,5.55,7.86,1.33,4.83,0.77,0.67,0.4,0.25,11.79,1.04
67995,Symphyotrichum purpurescens,Salamón,3501,5.66,0.89,21.66,3.74,8.95,1.54,2.98,0.73,0.84,0,0.31,12.05,1.19
67995,Symphyotrichum purpurescens,Salamón,3501,5.79,0.63,20.25,2.87,8.83,1.46,4.67,1.02,0.46,0,0.34,14.7,0.94
67970,Symphyotrichum purpurescens,Nesom,7103,7.43,1.28,15.88,4.83,10.74,3.24,2.81,0.94,1.09,0.72,0.36,17.6,3.18
67970,Symphyotrichum purpurescens,Nesom,7103,7.22,1.08,16.56,4.56,7.51,2.11,4.53,0.73,1.16,0.63,0.47,16.83,2.43
67970,Symphyotrichum purpurescens,Nesom,7103,7.73,1.21,14.48,4.49,8.17,2.36,3.67,0.79,1.09,0.52,0.22,17.63,2.05
29437,Symphyotrichum purpurescens,Panero,4114,5.41,0.82,17.44,2.41,10.16,1.92,4.27,0.69,0.59,0,0.18,11.62,1.72
29437,Symphyotrichum purpurescens,Panero,4114,4.91,0.95,17.24,2.14,7.15,0.84,4.33,0.72,0.91,0,0.21,11.37,1.38
29437,Symphyotrichum purpurescens,Panero,4114,5.6,0.63,16.41,2.33,8.86,1.19,3.19,0.75,0.6,0,0.25,11.55,1.41
67950,Symphyotrichum schaffneri,Avendaño,A-27,6.39,1.28,81.1,14.21,19.64,4.85,3.51,0.94,0,0.32,0.13,10.35,2.32
67950,Symphyotrichum schaffneri,Avendaño,A-27,6.18,0.89,75.87,14.68,14.17,2.86,5.26,0.6,0,0.46,0.21,11.13,1.24
67950,Symphyotrichum schaffneri,Avendaño,A-27,7.12,0.96,76.39,11.81,10.73,1.91,3.67,0.65,0,0.38,0.16,10.93,2.16
67945,Symphyotrichum schaffneri,Castillo,3114,6.22,1.06,22.68,5.99,5.54,1.25,2.31,0.55,0,0,0.14,10.54,1.16
67945,Symphyotrichum schaffneri,Castillo,3114,5.52,0.81,27.01,6.45,4.49,1.18,1.55,0.98,0,0,0.24,10.57,1.77
67945,Symphyotrichum schaffneri,Castillo,3114,5.45,1.25,25.75,6.55,8.64,1.68,4.56,0.81,0,0,0.19,7.98,1.08
MISSA005964,Symphyotrichum shortii,McDonald,13954,2.62,0.59,141.12,34.78,24.46,7.4,3.44,0.96,2.47,0.51,0.22,,
MISSA005964,Symphyotrichum shortii,McDonald,13954,2.14,0.38,102.71,25.43,21.97,8.67,2.89,0.75,3.34,0.58,0.42,,
MISSA005964,Symphyotrichum shortii,McDonald,13954,2.86,0.94,59.12,14.36,20.8,8.4,2.12,0.81,3.46,0.62,0.27,,
447237,Symphyotrichum subulatum,Henrickson,24150,4.49,0.45,72.38,3.64,5.24,0.68,1.88,0.51,0,0,0,0,0
447237,Symphyotrichum subulatum,Henrickson,24150,4.54,0.56,60.5,4.01,9.18,1.05,2.47,0.63,0,0,0,0,0
447237,Symphyotrichum subulatum,Henrickson,24150,4.5,0.41,31.19,3.94,3.79,1.12,1.81,0.55,0,0,0,0,0
566407,Symphyotrichum subulatum,Worthington,31403,5.16,0.63,49.01,2.48,5.32,0.86,1.91,0.43,0,0,0,0,0
566407,Symphyotrichum subulatum,Worthington,31403,5.23,0.45,67.05,3.76,11.97,0.64,2.93,0.66,0,0,0,0,0
566407,Symphyotrichum subulatum,Worthington,31403,5.79,0.57,44.13,2.02,4.33,0.75,2.55,0.46,0,0,0,0,0
382562,Symphyotrichum subulatum var. squamatum,Zardini and Velazquez,19882,7.56,0.74,38.66,2.36,8.12,1.22,2.04,0.34,0,0,0,9.84,1.46
382562,Symphyotrichum subulatum var. squamatum,Zardini and Velazquez,19882,7.19,0.78,35.31,2.07,7.71,1.25,2.48,0.44,0,0,0,7.81,1.16
382562,Symphyotrichum subulatum var. squamatum,Zardini and Velazquez,19882,7.27,0.72,17.32,2.48,7.74,0.69,1.91,0.54,0,0,0,0,0
566372,Symphyotrichum subulatum var. squamatum,Gutierrez and Roldan,138,4.75,0.79,95.2,3.51,10.54,0.86,3,0.38,0,0,0,10.91,1.39
566372,Symphyotrichum subulatum var. squamatum,Gutierrez and Roldan,138,4.27,0.69,91.66,2.21,8.85,0.67,2.52,0.43,0,0,0,8.88,1.1
566372,Symphyotrichum subulatum var. squamatum,Gutierrez and Roldan,138,3.71,0.78,77.69,2.91,15.56,1.11,4.72,0.86,0,0,0,9.07,0.82
382561,Symphyotrichum subulatum var. squamatum,Stuessy,4609,6.47,1.16,76.24,7.77,7.98,1.58,1.87,0.84,0,0,0,9.1,1.34
382561,Symphyotrichum subulatum var. squamatum,Stuessy,4609,6.12,0.8,79.61,9.03,11.57,1.07,2.24,0.59,0,0,0,0,0
382561,Symphyotrichum subulatum var. squamatum,Stuessy,4609,6.77,1.09,49.92,2.9,9.15,1.59,2.73,0.72,0,0,0,0,0
382559,Symphyotrichum subulatum var. squamatum,Nee,34032,9.15,0.76,53.76,3.36,9.56,1.2,3.02,0.5,0,0,0,0,0
382559,Symphyotrichum subulatum var. squamatum,Nee,34032,8.43,0.64,59.44,3.91,4.11,0.71,2.61,0.53,0,0,0,0,0
382599,Symphyotrichum subulatum var. squamatum,Nee,34032,8.58,0.62,49.77,3.34,3.66,0.77,3.81,0.71,0,0,0,0,0
566404,Symphyotrichum subulatum var. squamatum,Cabrera,16886,5.39,1.03,27.88,1.76,7.59,0.85,2.31,0.48,0,0,0,0,0
566404,Symphyotrichum subulatum var. squamatum,Cabrera,16886,5.18,0.9,22.95,1.35,5.68,0.93,2.84,0.56,0,0,0,0,0
566404,Symphyotrichum subulatum var. squamatum,Cabrera,16886,6.08,0.76,22.14,0.99,4.85,0.84,2.59,0.81,0,0,0,0,0
566402,Symphyotrichum subulatum var. squamatum,Luro and Bartlett,19903,7.48,0.79,45.85,3.35,6.09,0.68,1.63,0.65,0,0,0,0,0
566402,Symphyotrichum subulatum var. squamatum,Luro and Bartlett,19903,7.75,0.9,83.13,4.49,13.21,1.32,3.09,0.74,0,0,0,0,0
566402,Symphyotrichum subulatum var. squamatum,Luro and Bartlett,19903,7.59,1.11,26.67,1.93,10.02,2.11,1.82,0.69,0,0,0,0,0
MISSA005976,Symphyotrichum tenuifolium,Diener,1399,6.44,1.51,44.88,1.77,47.71,1.74,5.47,0.68,0,0,0,9.05,0.81
MISSA005977,Symphyotrichum tenuifolium,Diener,1399,6.98,1.18,24.27,2.38,31.71,1.16,5.04,0.88,0,0,0,10.42,1.7
MISSA005978,Symphyotrichum tenuifolium,Diener,1399,5.8,1.32,24.84,1.48,47.77,1.13,5.47,1.11,0,0,0,8.78,1.75
MISSA005975,Symphyotrichum tenuifolium,Diener,680,8.34,1.42,103.57,1.81,81.06,1.73,4.28,1.22,0,0,0,9.95,1.53
MISSA005976,Symphyotrichum tenuifolium,Diener,680,7.88,1.28,54.54,1.14,64.03,1.87,4.58,1.06,0,0,0,11.11,1.63
MISSA005977,Symphyotrichum tenuifolium,Diener,680,7.83,1.13,38.66,0.9,90.87,1.75,6.13,0.82,0,0,0,12.67,0.86
432656,Symphyotrichum turneri,Solis,1099,5.88,0.88,26.71,2.08,4.95,0.96,3.77,0.6,0,0,0,14.54,1.24
432656,Symphyotrichum turneri,Solis,1099,6.87,1.32,28.54,2.26,4.34,0.75,3.39,0.73,0,0,0,15.17,0.87
432656,Symphyotrichum turneri,Solis,1099,7.14,0.69,21.48,1.89,6.33,1.28,3.08,0.5,0,0,0,12.32,1.08
67878,Symphyotrichum turneri,Alvarado,178,7.33,1.04,32.71,2.73,9.13,1.74,5.06,0.74,0,0,0,17.21,1.68
67878,Symphyotrichum turneri,Alvarado,178,5.55,0.96,26.37,2.18,8.02,1.49,5.62,1.09,0,0,0,12.93,1.38
67878,Symphyotrichum turneri,Alvarado,178,5.27,1.17,25.91,2.06,9.61,1.2,3.91,0.79,0,0,0,14.72,0.89
67879,Symphyotrichum turneri,Alvarado,329,6.29,0.87,27.96,2.22,5.6,1.81,4.54,1.13,0,0,0,14.38,1.05
67879,Symphyotrichum turneri,Alvarado,329,5.61,0.99,20.16,2.11,10.88,2.03,2.82,0.58,0,0,0,11.5,0.94
67879,Symphyotrichum turneri,Alvarado,329,6.42,0.78,28.55,2.36,9.39,1.88,3.24,0.79,0,0,0,11.09,1.52
67884,Symphyotrichum turneri,Breedlove,59195,7.96,1.14,15.94,1.73,3.46,0.91,2.03,0.79,0,0,0,16.59,1.91
67884,Symphyotrichum turneri,Breedlove,59195,7.47,0.97,18.1,1.75,7.58,1.23,3.69,0.77,0,0,0,18.97,1.76
67884,Symphyotrichum turneri,Breedlove,59195,9.08,0.95,14.18,1.67,6.98,1.08,4.44,0.68,0,0,0,15.48,1.55
67883,Symphyotrichum turneri,González and Rzedowski,2750,6.92,1.15,28.29,2.22,9.82,1.25,5.05,81,0,0,0,14.41,1.49
67883,Symphyotrichum turneri,González and Rzedowski,2750,0,0,27.95,2.35,7.42,1.38,0,0,0,0,0,0,0
67883,Symphyotrichum turneri,González and Rzedowski,2750,0,0,26.39,2.3,6.21,1.06,0,0,0,0,0,0,0
67877,Symphyotrichum turneri,Ayers,521,5.76,0.89,12.94,3.65,10.48,1.21,4.39,1.04,0,0,0,10.57,1.29
67877,Symphyotrichum turneri,Ayers,521,5.37,0.61,21.84,2.77,10.64,1.45,3.84,0.77,0,0,0,9.21,1.21
67877,Symphyotrichum turneri,Ayers,521,5.32,0.83,15.17,2.66,12.05,1.24,4.44,0.87,0,0,0,0,0
MISSA030935,Symphyotrichum undulatum,Majure,3641,5.06,0.97,282.23,55.67,9.23,4.51,2.63,0.87,14.02,0,0,13.08,2.15
MISSA030936,Symphyotrichum undulatum,Majure,3641,5.08,0.92,227.09,50.93,9.53,3.69,4.27,1.48,7.29,0,0,10.77,1.9
MISSA030937,Symphyotrichum undulatum,Majure,3641,4.6,1.22,160.62,44.58,10.36,3.32,4.68,0.85,0,0,0,9.7,1.36
MISSA030952,Symphyotrichum undulatum,Majure,3623,5.45,0.95,110.31,27.18,6.03,2.44,3.3,0.91,4.19,0,0,10.76,1.75
MISSA030953,Symphyotrichum undulatum,Majure,3623,5.6,1.03,56.4,17.49,7.31,1.81,3.08,0.93,1.75,0,0,12.66,1.57
MISSA030954,Symphyotrichum undulatum,Majure,3623,4.75,0.8,48.6,16.22,7.25,2.43,3.17,1.09,1.44,0,0,10.5,2.03
382565,Symphyotrichum vahlii,Gunckel,3131,9.26,0.79,72.99,2.93,8.79,0.96,2.32,0.86,0,0,0,13.97,0.68
382565,Symphyotrichum vahlii,Gunckel,3131,7.8,0.68,114.63,3.75,11.91,1.22,5.83,0.47,0,0,0,13.18,0.31
382565,Symphyotrichum vahlii,Gunckel,3131,7.45,0.86,106.44,6.15,17.71,1.08,4.99,0.65,0,0,0,0,0
566371,Symphyotrichum vahlii,Seijo,1680,6.26,1.21,188.43,11.29,18.1,2.78,4.55,1.3,0,0,0.36,12.92,0.51
566371,Symphyotrichum vahlii,Seijo,1680,7.5,0.98,111.9,8,13.24,1.95,4.58,0.98,0,0,0.51,13.01,0.95
566371,Symphyotrichum vahlii,Seijo,1680,6.46,1.58,103.35,7.98,13.1,1.97,4.87,0.88,0,0,0.33,11.85,1.05
MISSA005979,Symphyotrichum walteri,Majure,1284,4.95,0.96,13.83,4.74,0,0,2.65,1,0,0,0,9.67,1.43
MISSA005980,Symphyotrichum walteri,Majure,1284,4.85,1,16.44,5.01,0,0,4.08,1.12,0,0,0,9.59,2.14
MISSA005981,Symphyotrichum walteri,Majure,1284,4.65,1.04,12.8,4.65,0,0,4.32,1.56,0,0,0,9.38,2.09
566370,Symphyotrichum yukonense,"Parker, Elven, Solstad",14992,10.04,1.1,46.88,4.22,16.36,2.48,3.55,0.71,0,0.38,1.14,16.01,2.05
566370,Symphyotrichum yukonense,"Parker, Elven, Solstad",14992,8.69,0.99,43.64,4.93,13.77,2.73,7.37,0.94,0,0.56,1.49,16.08,1.99
566370,Symphyotrichum yukonense,"Parker, Elven, Solstad",14992,7.98,1.02,56.57,3.43,13.07,1.26,7.8,0.98,0,0.63,0.86,17.99,1.7
455753,Symphyotrichum expansum_2,Reina,2009-1012,3.87,0.97,104.27,15.57,12.74,1.27,1.92,0.6,0,0,0,6.16,0.74
455753,Symphyotrichum expansum_2,Reina,2009-1012,5.83,0.89,110.2,8.15,6.76,1,2.6,0.77,0,0,0,8.39,0.82
455753,Symphyotrichum expansum_2,Reina,2009-1012,6.27,1.27,121,10.47,8.08,1.05,3.37,0.88,0,0,0,0,0
462583,Symphyotrichum expansum_2,Pascual,1741,5.22,0.8,140.94,12.75,23.98,1.68,4.24,0.82,0,0,0,0,0
462583,Symphyotrichum expansum_2,Pascual,1741,5.31,0.83,122.28,7.8,22.79,1.8,7.39,0.99,0,0,0,0,0
462583,Symphyotrichum expansum_2,Pascual,1741,4.82,0.94,136.79,15.8,21.33,1.74,5.37,0.84,0,0,0,0,0
461314,Symphyotrichum expansum_2,Vasquez,105,5.38,0.93,61.86,3.19,10.23,1.58,3.64,0.78,0,0,0,6.57,0.52
461314,Symphyotrichum expansum_2,Vasquez,105,4.3,1.14,56.55,2.69,8.43,1.21,3.07,0.7,0,0,0,6.07,0.64
461314,Symphyotrichum expansum_2,Vasquez,105,5.46,0.98,43.76,2.25,8.4,1.58,2.72,0.81,0,0,0,6.71,0.81
MISSA005841,Symphyotrichum amethystinum,Ahles,6804,3.76,1.19,31.35,5.05,8.03,2.49,5.44,2.22,0,0.56,0.37,6.75,0.69
MISSA005841,Symphyotrichum amethystinum,Ahles,6804,3.66,1,39.02,6.4,7.76,2.59,2.9,1.68,0,0.64,0.35,5.83,0.72
MISSA005841,Symphyotrichum amethystinum,Ahles,6804,2.95,0.97,49.63,6.41,9,2.68,4.29,2.06,0,0.78,0.38,6.17,0.44
MISSA005840,Symphyotrichum amethystinum,Ahles,6818,5.14,1.52,35.61,6.38,14.41,3.26,3.38,1.31,0,0.88,0.35,6.12,1
MISSA005840,Symphyotrichum amethystinum,Ahles,6818,4.31,1.26,29.97,5.1,15.06,3.4,3.78,1.09,0,1.08,0.48,8.1,0.8
MISSA005840,Symphyotrichum amethystinum,Ahles,6818,4.86,1.61,26.36,5.83,10.71,2.97,3.54,1.23,0,1.14,0.4,7.96,0.97
MISSA030122,Symphyotrichum fendleri,Jones,n/a,4.47,1.34,19.2,3.53,14.81,2.21,4.29,1.29,0,0.86,0.38,12.07,2.06
MISSA030122,Symphyotrichum fendleri,Jones,n/a,3.51,1.26,22.96,3.61,13.98,2.14,2.92,1.14,0,0.96,0.86,8.39,1.69
MISSA030122,Symphyotrichum fendleri,Jones,n/a,3.43,1.26,25.78,2.23,15.82,2.55,3.6,1.64,0,1.02,0.4,13.09,1.57
MISSA005973,Symphyotrichum sericeum,Sandberg,938,3.02,1.77,17.46,5.42,13.96,4.68,9.89,4.81,0,0.46,0.22,12.9,1.13
MISSA005973,Symphyotrichum sericeum,Sandberg,938,3.79,2.28,14.94,4.54,11,3.97,8.4,4.18,0,0.72,0.25,10.41,0.88
MISSA005973,Symphyotrichum sericeum,Sandberg,938,4,2.38,17.87,5.85,14.02,5.01,8.27,4.14,0,0.65,0.31,11.54,1.16
MISSA042388,Symphyotrichum fendleri,Semple and Brouillet,7336,3.74,1.3,33.27,2.07,5.24,1.41,3.42,1.43,0,0.53,0.55,7.85,2.44
MISSA042388,Symphyotrichum fendleri,Semple and Brouillet,7336,3.24,1.13,26.61,2.02,5.4,1.46,3.08,1.05,0,0.58,0.67,6.68,1.21
MISSA042388,Symphyotrichum fendleri,Semple and Brouillet,7336,3.98,1.48,27.87,1.92,6.26,1.75,3.28,1.42,0,0.82,0.56,8.65,1.3
MISSA042279,Symphyotrichum campestre,Semple and Semple,11362,5.17,1.25,44.03,5,10.41,2.83,3.3,1.39,0,0,0,14,4
MISSA042279,Symphyotrichum campestre,Semple and Semple,11362,4.81,1.35,47.83,7.25,5.92,1.74,4.27,1.17,0,0,0,11,2.9
MISSA042279,Symphyotrichum campestre,Semple and Semple,11362,5.17,1.21,39.1,6.69,8.33,2.33,3.32,0.86,0,0,0,13,3
MISSA042263,Symphyotrichum walteri,Semple and Chmielewski,6062,2.8,1.14,10.13,4.6,4.67,2.5,1.73,0.79,0,0.27,0.1,9.82,1.55
MISSA042263,Symphyotrichum walteri,Semple and Chmielewski,6062,3.32,1.1,7.98,3.1,4.05,1.31,1.61,0.85,0,0.35,0.13,10.3,1.53
MISSA042263,Symphyotrichum walteri,Semple and Chmielewski,6062,4.09,0.9,6.89,2.68,4.02,2.02,1.48,0.61,0,0.31,0.08,9.73,1.62
MISSA042451,Symphyotrichum phlogifolium,Semple,10856,5.43,1.14,34.92,12.38,5.56,2.06,3.31,0.65,1.93,0,0.09,12.25,1.75
MISSA042451,Symphyotrichum phlogifolium,Semple,10856,5.37,1.43,34.31,15.38,3.24,1.59,3.08,0.91,2.56,0,0.12,12.4,2.09
MISSA042451,Symphyotrichum phlogifolium,Semple,10856,6.67,1.2,30.63,14.13,4.36,2.19,2.91,0.97,2.98,0,0.11,20.93,2.04
MISSA042278,Symphyotrichum georgianum,Semple,11674,5.34,1.33,23.63,8.79,8.46,2.62,2.72,1.08,2.45,0,0.11,16.06,2.83
MISSA042278,Symphyotrichum georgianum,Semple,11674,5.18,1.61,24.83,7.38,7.73,2.76,3.13,0.95,3.73,0,0.16,18.35,1.87
MISSA042278,Symphyotrichum georgianum,Semple,11674,7.41,150,21.86,7.68,5.99,2.1,2.95,1.13,2.54,0,0.22,17.43,2.04